Division,Forecast_Revenue,Forecast_Expense,Forecast_Profit
East,164649148.0128044,118121824.50550546,46527323.50729893
West,163911498.8271368,117045183.23864672,46866315.5884901
North,159601564.25342798,114182227.23981789,45419337.013610095
South,167408243.47401747,118447901.40596646,48960342.06805101
