Division,Annual_Budget_Revenue,Annual_Budget_Expense,Annual_Budget_Profit
South,140974683.72828943,109600061.72510988,31374622.00317955
East,137780667.48300505,104999636.7859887,32781030.697016343
West,132899723.49706289,102339836.95183265,30559886.54523024
North,135798359.38799348,103268338.04880929,32530021.339184195
