Division,Annual_Budget_Revenue,Annual_Budget_Expense,Annual_Budget_Profit
East,172489583.63246173,120415452.16580653,52074131.466655195
West,171716808.2950957,119317905.24328063,52398903.05181508
North,167201638.74168646,116399357.86583377,50802280.87585269
South,175380064.59182784,120747860.65656775,54632203.93526009
